pdb_resnum,wt_1tnf,wt_6ooy,cons_1tnf,cons_6ooy,top_aa_1tnf,freq_1tnf,top_aa_6ooy,freq_6ooy,js_divergence,in_both
6,R,-,G,-,G,0.5533333333333333,-,0.0,0.5,False
7,T,-,S,-,S,0.68,-,0.0,0.5,False
8,P,-,P,-,P,0.8333333333333334,-,0.0,0.5,False
9,S,-,S,-,S,0.8466666666666667,-,0.0,0.5,False
10,D,-,N,-,N,0.36,-,0.0,0.5,False
11,K,K,R,V,R,0.6266666666666667,V,0.4,0.4890308418006788,True
12,P,P,A,A,A,0.9933333333333333,A,0.8333333333333334,0.07134442157712778,True
13,V,V,A,A,A,0.76,A,0.66,0.2499989784965458,True
14,A,A,A,A,A,1.0,A,1.0,0.0,True
15,H,H,N,H,N,0.7733333333333333,H,0.94,0.5856284424002797,True
16,V,V,L,L,L,1.0,L,0.49333333333333335,0.31658283363340356,True
17,V,V,T,V,T,0.5133333333333333,V,0.6666666666666666,0.6023180078910326,True
18,A,A,A,A,A,0.48,A,0.5133333333333333,0.03389033707267365,True
19,N,N,D,D,D,0.9866666666666667,D,0.9933333333333333,0.0008251376065190235,True
20,P,P,P,P,P,0.9933333333333333,P,0.9933333333333333,0.0,True
21,Q,Q,N,N,N,0.82,N,0.7933333333333333,0.022294236359553965,True
22,A,A,A,A,A,0.6,A,1.0,0.23645279766002797,True
23,E,E,P,V,P,0.7066666666666667,V,0.4066666666666667,0.7241465618397673,True
24,G,G,N,G,N,0.7,G,0.5866666666666667,0.06096047203007235,True
25,Q,Q,S,A,S,0.38,A,0.62,0.12986154843353642,True
26,L,L,L,L,L,0.6466666666666666,L,0.6266666666666667,0.3196291485576488,True
27,Q,Q,V,V,V,0.74,V,0.7066666666666667,0.019355310258342737,True
28,W,W,W,W,W,0.7333333333333333,W,0.9866666666666667,0.11483942246794711,True
29,L,L,T,V,T,0.8133333333333334,V,0.6266666666666667,0.6410849715047262,True
30,N,N,S,A,S,0.6533333333333333,A,0.5733333333333334,0.41416518272876707,True
31,R,R,G,D,G,1.0,D,0.8,1.0,True
32,R,R,G,A,G,0.36,A,0.9133333333333333,0.7111897392581608,True
33,A,A,P,P,P,0.6333333333333333,P,0.9866666666666667,0.17939846806520862,True
34,N,N,N,N,N,0.8133333333333334,N,0.8333333333333334,0.03626362396208,True
35,A,A,A,A,A,0.6466666666666666,A,0.96,0.16313023564768703,True
36,L,L,I,L,I,0.8266666666666667,L,1.0,0.6455809045529541,True
37,L,L,L,L,L,1.0,L,1.0,0.0,True
38,A,A,S,S,S,0.4866666666666667,S,0.5866666666666667,0.16535228767805524,True
39,N,N,N,N,N,0.9933333333333333,N,0.9933333333333333,0.006666666666666667,True
40,G,G,G,G,G,1.0,G,1.0,0.0,True
41,V,V,V,V,V,0.9933333333333333,V,1.0,0.0033413751267026702,True
42,E,E,T,T,T,0.64,T,0.37333333333333335,0.13536141378464434,True
43,L,L,L,L,L,1.0,L,1.0,0.0,True
44,R,R,E,E,E,0.47333333333333333,E,0.7333333333333333,0.09589356360436227,True
45,D,D,N,D,N,0.5533333333333333,D,0.5933333333333334,0.0205812175166592,True
46,N,N,N,N,N,1.0,N,1.0,0.0,True
47,Q,Q,K,Q,K,0.4666666666666667,Q,0.47333333333333333,0.17589123856074013,True
48,L,L,I,L,I,0.76,L,0.84,0.30288691002102297,True
49,V,V,V,V,V,0.4266666666666667,V,1.0,0.37216289494845556,True
50,V,V,I,I,I,0.9133333333333333,I,0.7066666666666667,0.059610635888518705,True
51,P,P,P,P,P,1.0,P,1.0,0.0,True
52,S,S,R,R,R,0.48,R,0.32666666666666666,0.17001105313457793,True
53,E,E,D,S,D,0.72,S,0.9466666666666667,0.8853417166096729,True
54,G,G,G,G,G,1.0,G,1.0,0.0,True
55,L,L,L,L,L,1.0,L,0.98,0.01007286462500093,True
56,Y,Y,Y,Y,Y,1.0,Y,1.0,0.0,True
57,L,L,L,L,L,0.9733333333333334,L,0.8666666666666667,0.08223150406468982,True
58,I,I,V,V,V,0.7133333333333334,V,0.86,0.023498580585573872,True
59,Y,Y,Y,Y,Y,0.9466666666666667,Y,0.9466666666666667,0.02116171848532257,True
60,S,S,A,G,A,0.9066666666666666,G,0.58,0.25915333077902636,True
61,Q,Q,Q,Q,Q,1.0,Q,1.0,0.0,True
62,V,V,V,V,V,0.7933333333333333,V,0.6066666666666667,0.05453557977486128,True
63,L,L,Q,L,Q,0.94,L,1.0,0.9710789597876508,True
64,F,F,F,F,F,1.0,F,1.0,0.0,True
65,K,K,K,K,K,0.5266666666666666,K,0.68,0.3132699770066325,True
66,G,G,Q,L,Q,0.7066666666666667,L,0.32666666666666666,0.5629650359975336,True
67,Q,Q,T,T,T,0.6266666666666667,T,0.5333333333333333,0.33941581921222386,True
68,G,G,G,G,G,1.0,G,1.0,0.0,True
69,C,C,C,C,C,1.0,C,1.0,0.0,True
70,P,-,P,-,P,1.0,-,0.0,0.5,False
71,S,-,G,-,G,0.2733333333333333,-,0.0,0.5,False
72,T,-,G,-,G,0.9933333333333333,-,0.0,0.5,False
73,H,H,D,S,D,0.3466666666666667,S,0.5533333333333333,0.386462169607632,True
74,V,V,V,V,V,0.7733333333333333,V,0.8866666666666667,0.051410786187951016,True
75,L,L,T,T,T,0.7,T,0.8533333333333334,0.11895902945341108,True
76,L,L,L,L,L,0.9866666666666667,L,1.0,0.0066989419658084245,True
77,T,T,T,T,T,0.9,T,0.78,0.03138369789060702,True
78,H,H,L,A,L,0.9,A,0.52,0.41230957917228483,True
79,T,T,S,T,S,0.5333333333333333,T,0.9466666666666667,0.38603795766101345,True
80,I,I,I,I,I,1.0,I,1.0,0.0,True
81,S,S,S,S,S,0.74,S,1.0,0.14406499878168008,True
82,R,R,R,R,R,0.47333333333333333,R,0.3333333333333333,0.07892417635235349,True
83,I,I,I,I,I,0.5066666666666667,I,0.35333333333333333,0.20215935612979563,True
84,A,A,R,S,R,0.54,S,0.31333333333333335,0.183836607876552,True
85,V,V,K,A,K,0.4866666666666667,A,0.8533333333333334,0.7317206355643251,True
86,S,S,D,S,D,0.36666666666666664,S,0.62,0.3409749747128528,True
87,Y,Y,G,S,G,0.66,S,0.4866666666666667,0.7134204331128808,True
88,Q,Q,G,G,G,0.8066666666666666,G,0.88,0.07223095919865705,True
89,T,T,G,T,G,0.8933333333333333,T,0.3,0.8326051989680805,True
90,K,K,P,E,P,0.7733333333333333,E,0.4866666666666667,0.6878478545554176,True
91,V,V,E,T,E,0.4533333333333333,T,0.68,0.49478587921166517,True
92,N,N,L,P,L,0.4866666666666667,P,0.8133333333333334,0.7334688001764653,True
93,L,L,L,L,L,1.0,L,1.0,0.0,True
94,L,L,L,L,L,0.9133333333333333,L,1.0,0.04474970328017305,True
95,S,S,S,S,S,0.6266666666666667,S,0.9066666666666666,0.25187862250179266,True
96,A,A,A,A,A,0.8733333333333333,A,0.82,0.09487650043519846,True
97,I,I,K,K,K,0.5066666666666667,K,0.4533333333333333,0.0730901722128229,True
98,K,K,V,V,V,0.5466666666666666,V,0.5533333333333333,0.24731992274203118,True
99,S,S,T,T,T,1.0,T,0.9866666666666667,0.0066989419658084245,True
100,P,P,P,P,P,1.0,P,1.0,0.0,True
101,C,C,C,C,C,1.0,C,1.0,0.0,True
102,Q,-,V,-,V,0.9466666666666667,-,0.0,0.5,False
103,R,-,G,-,G,0.8933333333333333,-,0.0,0.5,False
104,E,-,G,-,G,0.5533333333333333,-,0.0,0.5,False
105,T,-,T,-,T,0.44666666666666666,-,0.0,0.5,False
106,P,-,D,-,D,0.9666666666666667,-,0.0,0.5,False
107,E,-,P,-,P,0.35333333333333333,-,0.0,0.5,False
108,G,-,P,-,P,0.35333333333333333,-,0.0,0.5,False
109,A,-,D,-,D,0.30666666666666664,-,0.0,0.5,False
110,E,-,G,-,G,0.9866666666666667,-,0.0,0.5,False
111,A,-,G,-,G,1.0,-,0.0,0.5,False
112,K,K,K,S,K,0.4533333333333333,S,0.5533333333333333,0.6833275532021845,True
113,P,P,T,T,T,0.6266666666666667,T,0.5933333333333334,0.04095136677155411,True
114,W,W,V,K,V,0.7866666666666666,K,0.28,0.8598474414596069,True
115,Y,Y,Y,Y,Y,0.96,Y,0.9466666666666667,0.02133482794767201,True
116,E,E,V,V,V,0.7866666666666666,V,0.9266666666666666,0.0870729324617162,True
117,P,P,P,P,P,1.0,P,1.0,0.0,True
118,I,I,L,L,L,0.9333333333333333,L,1.0,0.034162632807821544,True
119,Y,Y,V,F,V,0.58,F,0.9066666666666666,0.930390082678807,True
120,L,L,L,L,L,1.0,L,1.0,0.0,True
121,G,G,V,S,V,0.5733333333333334,S,0.7733333333333333,0.9122392841553221,True
122,G,G,G,G,G,0.84,G,1.0,0.08502441288198997,True
123,V,V,V,V,V,1.0,V,1.0,0.0,True
124,F,F,V,F,V,0.52,F,1.0,0.3327612781123606,True
125,Q,Q,E,E,E,0.36666666666666664,E,0.47333333333333333,0.15444274133015296,True
126,L,L,L,L,L,1.0,L,1.0,0.0,True
127,E,E,E,E,E,0.5,E,0.5666666666666667,0.19831973484119775,True
128,K,K,A,A,A,0.7066666666666667,A,0.8266666666666667,0.04547954203755927,True
129,G,G,G,G,G,1.0,G,1.0,0.0,True
130,D,D,D,D,D,1.0,D,1.0,0.0,True
131,R,R,L,R,L,0.4066666666666667,R,0.5666666666666667,0.3701677956486769,True
132,L,L,L,L,L,0.9933333333333333,L,1.0,0.0033413751267026702,True
133,S,S,S,S,S,0.5533333333333333,S,0.74,0.1502938283582025,True
134,A,A,A,C,A,0.7,C,0.3,0.6344270794819322,True
135,E,E,T,T,T,0.5666666666666667,T,0.8666666666666667,0.1499104233320987,True
136,I,I,V,V,V,1.0,V,1.0,0.0,True
137,N,N,N,N,N,1.0,N,1.0,0.0,True
138,R,R,N,R,N,0.6266666666666667,R,0.5066666666666667,0.2781336238003477,True
139,P,P,P,P,P,1.0,P,1.0,0.0,True
140,D,D,E,E,E,0.5533333333333333,E,0.8,0.10711309745582451,True
141,Y,Y,Y,Y,Y,0.9266666666666666,Y,0.8733333333333333,0.012810014211571782,True
142,L,L,L,L,L,1.0,L,1.0,0.0,True
143,L,D,D,D,D,0.6133333333333333,D,1.0,0.22708533370391815,True
144,F,F,R,N,R,0.7666666666666667,N,0.6666666666666666,0.9106387575685508,True
145,A,A,D,S,D,0.5466666666666666,S,1.0,0.40798079972811385,True
146,E,E,S,S,S,0.64,S,0.7933333333333333,0.10377068239341813,True
147,S,S,S,S,S,0.6066666666666667,S,0.6066666666666667,0.25959970766516827,True
148,G,G,G,G,G,1.0,G,1.0,0.0,True
149,Q,Q,S,R,S,0.6266666666666667,R,0.5,0.94,True
150,V,V,N,N,N,0.9933333333333333,N,1.0,0.0033413751267026702,True
151,Y,Y,Y,Y,Y,0.88,Y,0.7933333333333333,0.010012862778756397,True
152,F,F,F,F,F,1.0,F,1.0,0.0,True
153,G,G,G,G,G,1.0,G,1.0,0.0,True
154,I,I,V,I,V,0.7133333333333334,I,0.9,0.4103693241715079,True
155,I,I,V,L,V,0.9733333333333334,L,0.9133333333333333,1.0,True
156,A,A,E,Q,E,0.8333333333333334,Q,0.7733333333333333,0.5411322280210407,True
157,L,L,L,L,L,0.9866666666666667,L,1.0,0.0066989419658084245,True
